{
    "Ar36": {
        "error": 0.004340008419392515, 
        "filter_outliers_dict": {
            "filter_outliers": true, 
            "iterations": 2, 
            "std_devs": 2
        }, 
        "fit": "Parabolic", 
        "value": 3.830095031283938
    }, 
    "Ar37": {
        "error": 0.011825610465466445, 
        "filter_outliers_dict": {
            "filter_outliers": true, 
            "iterations": 2, 
            "std_devs": 2
        }, 
        "fit": "linear", 
        "value": -0.47718623275889016
    }, 
    "Ar38": {
        "error": 0.01198572553784707, 
        "filter_outliers_dict": {
            "filter_outliers": true, 
            "iterations": 2, 
            "std_devs": 2
        }, 
        "fit": "linear", 
        "value": 0.6399025405040454
    }, 
    "Ar39": {
        "error": 0.022597749661987552, 
        "filter_outliers_dict": {
            "filter_outliers": true, 
            "iterations": 2, 
            "std_devs": 2
        }, 
        "fit": "Parabolic", 
        "value": -0.04032764339954227
    }, 
    "Ar40": {
        "error": 0.07981947188327522, 
        "filter_outliers_dict": {
            "filter_outliers": true, 
            "iterations": 2, 
            "std_devs": 2
        }, 
        "fit": "Parabolic", 
        "value": 1141.3233108089953
    }
}