{
    "Ar36": {
        "error": 0.002569372043099814, 
        "filter_outliers_dict": {
            "filter_outliers": true, 
            "iterations": 2, 
            "std_devs": 2
        }, 
        "fit": "Parabolic", 
        "value": 1.2198093481247403
    }, 
    "Ar37": {
        "error": 0.012403728840001528, 
        "filter_outliers_dict": {
            "filter_outliers": true, 
            "iterations": 2, 
            "std_devs": 2
        }, 
        "fit": "linear", 
        "value": -0.921732322583023
    }, 
    "Ar38": {
        "error": 0.0132911379229831, 
        "filter_outliers_dict": {
            "filter_outliers": true, 
            "iterations": 2, 
            "std_devs": 2
        }, 
        "fit": "linear", 
        "value": 0.07026945269950208
    }, 
    "Ar39": {
        "error": 0.024090402034840974, 
        "filter_outliers_dict": {
            "filter_outliers": true, 
            "iterations": 2, 
            "std_devs": 2
        }, 
        "fit": "Parabolic", 
        "value": -0.09717900721071665
    }, 
    "Ar40": {
        "error": 0.039324034300091605, 
        "filter_outliers_dict": {
            "filter_outliers": true, 
            "iterations": 2, 
            "std_devs": 2
        }, 
        "fit": "Parabolic", 
        "value": 364.94097538331494
    }
}