{
    "Ar36": {
        "error": 0.0025156543175477958, 
        "filter_outliers_dict": {
            "filter_outliers": true, 
            "iterations": 2, 
            "std_devs": 2
        }, 
        "fit": "Parabolic", 
        "value": 1.2619183019434348
    }, 
    "Ar37": {
        "error": 0.012496919036827052, 
        "filter_outliers_dict": {
            "filter_outliers": true, 
            "iterations": 2, 
            "std_devs": 2
        }, 
        "fit": "linear", 
        "value": -0.6638677736698424
    }, 
    "Ar38": {
        "error": 0.01293123316945883, 
        "filter_outliers_dict": {
            "filter_outliers": true, 
            "iterations": 2, 
            "std_devs": 2
        }, 
        "fit": "linear", 
        "value": 0.12276898158171709
    }, 
    "Ar39": {
        "error": 0.024503169390093938, 
        "filter_outliers_dict": {
            "filter_outliers": true, 
            "iterations": 2, 
            "std_devs": 2
        }, 
        "fit": "Parabolic", 
        "value": 0.03942340177471241
    }, 
    "Ar40": {
        "error": 0.04148078947098317, 
        "filter_outliers_dict": {
            "filter_outliers": true, 
            "iterations": 2, 
            "std_devs": 2
        }, 
        "fit": "Parabolic", 
        "value": 382.6009439959622
    }
}