{
    "Ar36": {
        "error": 0.0027084713565112277, 
        "filter_outliers_dict": {
            "filter_outliers": true, 
            "iterations": 2, 
            "std_devs": 2
        }, 
        "fit": "Parabolic", 
        "value": 1.5846685290387261
    }, 
    "Ar37": {
        "error": 0.01157073946635421, 
        "filter_outliers_dict": {
            "filter_outliers": true, 
            "iterations": 2, 
            "std_devs": 2
        }, 
        "fit": "linear", 
        "value": -0.4494366629144983
    }, 
    "Ar38": {
        "error": 0.01304273182411729, 
        "filter_outliers_dict": {
            "filter_outliers": true, 
            "iterations": 2, 
            "std_devs": 2
        }, 
        "fit": "linear", 
        "value": 0.18214841197649587
    }, 
    "Ar39": {
        "error": 0.023381669771857946, 
        "filter_outliers_dict": {
            "filter_outliers": true, 
            "iterations": 2, 
            "std_devs": 2
        }, 
        "fit": "Parabolic", 
        "value": -0.013459698719864004
    }, 
    "Ar40": {
        "error": 0.05284724696051717, 
        "filter_outliers_dict": {
            "filter_outliers": true, 
            "iterations": 2, 
            "std_devs": 2
        }, 
        "fit": "Parabolic", 
        "value": 471.6801309767508
    }
}