{
    "Ar36": {
        "error": 0.004155201313457046, 
        "filter_outliers_dict": {
            "filter_outliers": true, 
            "iterations": 2, 
            "std_devs": 2
        }, 
        "fit": "Parabolic", 
        "value": 3.4790106034443347
    }, 
    "Ar37": {
        "error": 0.011867955801376364, 
        "filter_outliers_dict": {
            "filter_outliers": true, 
            "iterations": 2, 
            "std_devs": 2
        }, 
        "fit": "linear", 
        "value": -0.5170389963747375
    }, 
    "Ar38": {
        "error": 0.012496109567461146, 
        "filter_outliers_dict": {
            "filter_outliers": true, 
            "iterations": 2, 
            "std_devs": 2
        }, 
        "fit": "linear", 
        "value": 0.5348042678411562
    }, 
    "Ar39": {
        "error": 0.02489251960686805, 
        "filter_outliers_dict": {
            "filter_outliers": true, 
            "iterations": 2, 
            "std_devs": 2
        }, 
        "fit": "Parabolic", 
        "value": -0.02698879263312745
    }, 
    "Ar40": {
        "error": 0.08272776303147149, 
        "filter_outliers_dict": {
            "filter_outliers": true, 
            "iterations": 2, 
            "std_devs": 2
        }, 
        "fit": "Parabolic", 
        "value": 1035.7062411016145
    }
}