{
    "Ar36": {
        "error": 0.0024638945607469197, 
        "filter_outliers_dict": {
            "filter_outliers": true, 
            "iterations": 2, 
            "std_devs": 2
        }, 
        "fit": "Parabolic", 
        "value": 1.209756870212813
    }, 
    "Ar37": {
        "error": 0.011301428810035563, 
        "filter_outliers_dict": {
            "filter_outliers": true, 
            "iterations": 2, 
            "std_devs": 2
        }, 
        "fit": "linear", 
        "value": -0.8180690464237383
    }, 
    "Ar38": {
        "error": 0.012952149826973925, 
        "filter_outliers_dict": {
            "filter_outliers": true, 
            "iterations": 2, 
            "std_devs": 2
        }, 
        "fit": "linear", 
        "value": 0.08567451509890349
    }, 
    "Ar39": {
        "error": 0.023626077189460068, 
        "filter_outliers_dict": {
            "filter_outliers": true, 
            "iterations": 2, 
            "std_devs": 2
        }, 
        "fit": "Parabolic", 
        "value": -0.047728629649103016
    }, 
    "Ar40": {
        "error": 0.04150801024772861, 
        "filter_outliers_dict": {
            "filter_outliers": true, 
            "iterations": 2, 
            "std_devs": 2
        }, 
        "fit": "Parabolic", 
        "value": 364.5413780881498
    }
}